title,abstract,authors,keywords,affiliations,month,link,journal_name,year,volume,issue
Editorial Board,,[],[],[],December,https://www.sciencedirect.com//science/article/pii/S0304405X06001851,Journal of Financial Economics,2006,82,3
"Profitability, investment and average returns","Valuation theory says that expected stock returns are related to three variables: the book-to-market equity ratio (Bt/Mt), expected profitability, and expected investment. Given Bt/Mt and expected profitability, higher expected rates of investment imply lower expected returns. But controlling for the other two variables, more profitable firms have higher expected returns, as do firms with higher Bt/Mt. These predictions are confirmed in our tests.","['Eugene F. Fama', 'Kenneth R. French']","['Average returns', 'Profitability', 'Investment', 'Book-to-market equity']",[],December,https://www.sciencedirect.com//science/article/pii/S0304405X06001164,Journal of Financial Economics,2006,82,3
"Capital structure, credit risk, and macroeconomic conditions","This paper develops a framework for analyzing the impact of macroeconomic conditions on credit risk and dynamic capital structure choice. We begin by observing that when cash flows depend on current economic conditions, there will be a benefit for firms to adapt their default and financing policies to the position of the economy in the business cycle phase. We then demonstrate that this simple observation has a wide range of empirical implications for corporations. Notably, we show that our model can replicate observed debt levels and the countercyclicality of leverage ratios. We also demonstrate that it can reproduce the observed term structure of credit spreads and generate strictly positive credit spreads for debt contracts with very short maturities. Finally, we characterize the impact of macroeconomic conditions on the pace and size of capital structure changes, and debt capacity.","['Dirk Hackbarth', 'Jianjun Miao', 'Erwan Morellec']","['Dynamic capital structure', 'Credit spreads', 'Macroeconomic conditions']",[],December,https://www.sciencedirect.com//science/article/pii/S0304405X06001115,Journal of Financial Economics,2006,82,3
Financing decisions when managers are risk averse,"Leverage raises stock volatility, driving a wedge between the cost of debt to shareholders and the cost to undiversified, risk-averse managers. I quantify these “volatility costs” of debt and examine their impact on financing decisions. I find that: (1) the volatility costs of debt can be large for executives exposed to firm-specific risk; (2) for a range of empirically relevant parameters, higher option ownership tends to increase, not decrease, the volatility costs of debt; and (3) for managers with stock options, a stock price increase typically raises volatility costs. For a large sample of US firms, I find evidence that volatility costs affect both the level of and short-term changes in debt, and that volatility costs help explain a firm's choice between debt and equity.",['Katharina Lewellen'],"['Executive compensation', 'Stock options', 'Risk-taking incentives', 'Capital structure', 'Leverage']",[],December,https://www.sciencedirect.com//science/article/pii/S0304405X0600136X,Journal of Financial Economics,2006,82,3
Entry regulation as a barrier to entrepreneurship,"Using a comprehensive database of European firms, we study the effect of market entry regulations on the creation of new limited-liability firms, the average size of entrants, and the growth of incumbent firms. We find that costly regulations hamper the creation of new firms, especially in industries that should naturally have high entry. These regulations also force new entrants to be larger and cause incumbent firms in naturally high-entry industries to grow more slowly. Our results hold even when we correct for the availability of financing, the degree of protection of intellectual property, and labor regulations.","['Leora Klapper', 'Luc Laeven', 'Raghuram Rajan']","['Entrepreneurship', 'Business incorporation', 'Regulatory barriers', 'Economic growth']",[],December,https://www.sciencedirect.com//science/article/pii/S0304405X06000936,Journal of Financial Economics,2006,82,3
A liquidity-augmented capital asset pricing model,"Using a new measure of liquidity, this paper documents a significant liquidity premium robust to the CAPM and the Fama–French three-factor model and shows that liquidity is an important source of priced risk. A two-factor (market and liquidity) model well explains the cross-section of stock returns, describing the liquidity premium, subsuming documented anomalies associated with size, long-term contrarian investment, and fundamental (cashflow, earnings, and dividend) to price ratios. In particular, the two-factor model accounts for the book-to-market effect, which the Fama–French three-factor model fails to explain.",['Weimin Liu'],"['Trading speed', 'Liquidity premium', 'Liquidity factor']",[],December,https://www.sciencedirect.com//science/article/pii/S0304405X0600064X,Journal of Financial Economics,2006,82,3
Does good corporate governance include employee representation? Evidence from German corporate boards,"Within the German corporate governance system, employee representation on the supervisory board is typically legally mandated. We propose that such representation of labor on corporate boards confers valuable first-hand operational knowledge to corporate board decision-making. Indeed, we find that labor representation provides a powerful means of monitoring and reduces agency costs within the firm. Moreover, we show that the greater the need for coordination within the firm, the greater the potential improvement there is in governance effectiveness through the judicious use of labor representation. These benefits do not appear to hold for union representatives.","['Larry Fauver', 'Michael E. Fuerst']","['Labor representation', 'Corporate governance', 'Firm value']",[],December,https://www.sciencedirect.com//science/article/pii/S0304405X06001140,Journal of Financial Economics,2006,82,3
Author index to volume 82,,[],[],[],December,https://www.sciencedirect.com//science/article/pii/S0304405X06001905,Journal of Financial Economics,2006,82,3
Editorial Board,,[],[],[],November,https://www.sciencedirect.com//science/article/pii/S0304405X06001681,Journal of Financial Economics,2006,82,2
"Market transparency, liquidity externalities, and institutional trading costs in corporate bonds","We develop a simple model of the effect of public transaction reporting on trade execution costs and test it using a sample of institutional trades in corporate bonds, before and after initiation of the TRACE reporting system. Trade execution costs fell approximately 50% for bonds eligible for TRACE transaction reporting, and 20% for bonds not eligible for TRACE reporting, suggesting the presence of a “liquidity externality.” The key results are robust to changes in variables, such as interest rate volatility and trading activity that might also affect execution costs. Market shares and the cost advantage to large dealers decreased post-TRACE. These results indicate that market design can have first-order effects, even for sophisticated institutional customers.","['Hendrik Bessembinder', 'William Maxwell', 'Kumar Venkataraman']","['Corporate bonds', 'Institutional trading costs', 'Market transparency']",[],November,https://www.sciencedirect.com//science/article/pii/S0304405X06000699,Journal of Financial Economics,2006,82,2
The conditional CAPM does not explain asset-pricing anomalies,"Recent studies suggest that the conditional CAPM holds, period by period, and that time-variation in risk and expected returns can explain why the unconditional CAPM fails. In contrast, we argue that variation in betas and the equity premium would have to be implausibly large to explain important asset-pricing anomalies like momentum and the value premium. We also provide a simple new test of the conditional CAPM using direct estimates of conditional alphas and betas from short-window regressions, avoiding the need to specify conditioning information. The tests show that the conditional CAPM performs nearly as poorly as the unconditional CAPM, consistent with our analytical results.","['Jonathan Lewellen', 'Stefan Nagel']","['Asset pricing tests', 'Conditional CAPM', 'Time-varying betas', 'Value', 'Momentum']",[],November,https://www.sciencedirect.com//science/article/pii/S0304405X06001371,Journal of Financial Economics,2006,82,2
The other January effect,"Streetlore since at least 1973 has touted the market return in January as a predictor of market returns for the remainder of the year. We systematically examine the predictive power of January returns over the period 1940–2003 and find that January returns have predictive power for market returns over the next 11 months of the year. The effect persists after controlling for macroeconomic/business cycle variables that have been shown to predict stock returns, the Presidential Cycle in returns, and investor sentiment, and it persists among both large and small capitalization stocks and among both value and growth stocks. In addition, we find that January has predictive power for two of the three premiums in the Fama–French [1993. Journal of Financial Economics 33, 3–50] three-factor model of asset pricing.","['Michael J. Cooper', 'John J. McConnell', 'Alexei V. Ovtchinnikov']","['January barometer', 'Return seasonalities', 'Asset pricing', 'Market returns']",[],November,https://www.sciencedirect.com//science/article/pii/S0304405X06000948,Journal of Financial Economics,2006,82,2
"Tunneling, propping, and expropriation: evidence from connected party transactions in Hong Kong","We examine a sample of connected transactions between Hong Kong listed companies and their controlling shareholders. We address three questions: What types of connected transactions lead to expropriation of minority shareholders? Which firms are more likely to expropriate? Does the market anticipate the expropriation by firms? On average, firms announcing connected transactions earn significant negative excess returns, significantly lower than firms announcing similar arm's length transactions. We find limited evidence that firms undertaking connected transactions trade at discounted valuations prior to the expropriation, suggesting that investors cannot predict expropriation and revalue firms only when expropriation does occur.","['Yan-Leung Cheung', 'P. Raghavendra Rau', 'Aris Stouraitis']","['International corporate governance', 'Legal systems', 'Expropriation', 'Connected transactions', 'Pyramids', 'Tunneling', 'Propping']",[],November,https://www.sciencedirect.com//science/article/pii/S0304405X06001462,Journal of Financial Economics,2006,82,2
Predicting stock returns,"This paper studies whether incorporating business cycle predictors benefits a real time optimizing investor who must allocate funds across 3,123 NYSE-AMEX stocks and cash. Realized returns are positive when adjusted by the Fama-French and momentum factors as well as by the size, book-to-market, and past return characteristics. The investor optimally holds small-cap, growth, and momentum stocks and loads less (more) heavily on momentum (small-cap) stocks during recessions. Returns on individual stocks are predictable out-of-sample due to alpha variation, whereas the equity premium predictability, the major focus of previous work, is questionable.","['Doron Avramov', 'Tarun Chordia']","['Predictability', 'Business cycle', 'Risk factors', 'Equity characteristics', 'Estimation risk']",[],November,https://www.sciencedirect.com//science/article/pii/S0304405X06001449,Journal of Financial Economics,2006,82,2
Asset pricing with unforeseen contingencies,"We investigate an economy of heterogeneous agents that cannot specify all exogenous welfare-relevant events and consequently view the impact of unforeseen contingencies as utility shocks. In this setting we characterize an appropriate market equilibrium concept when securities can trade only on demand- and price-contingent events. We establish the existence of an equilibrium for a class of parametric models in which aggregating taste shocks across agents can lead to nonconsumption pricing factors. To fit the stylized facts, (i) non consumption factors must dominate the pricing kernel and contribute to the variation of the wealth-consumption ratio, (ii) markets must be incomplete and the set of claims that are traded endogenously determined, (iii) agents’ preferences with respect to unforeseen contingencies must be non-expected utility, and, (iv) although non-consumption pricing factors can be conditionally uncorrelated with aggregate consumption shocks, they must be correlated with shocks to expected consumption growth.","['Alan Kraus', 'Jacob S. Sagi']","['Asset pricing puzzles', 'Nonexpected utility models', 'Taste shocks']",[],November,https://www.sciencedirect.com//science/article/pii/S0304405X06000705,Journal of Financial Economics,2006,82,2
Competition and cooperation among exchanges: A theory of cross-listing and endogenous listing standards,"We analyze firms’ choice of exchange to list equity and exchanges’ choice of listing standards when insiders have private information about firm value, but outsiders can produce (noisy) information at a cost. Exchanges are populated by two kinds of investors, whose numbers vary across exchanges: sophisticated (low information production cost) investors and ordinary (high–cost) investors. While firms are short-lived, exchanges are long-lived, value-maximizing agents whose listing and disclosure standards evolve over time. The listing standards chosen by exchanges affect their “reputation,” since outsiders can partially infer the rigor of these standards from the post-listing performance of firms. We show that, while exchanges use their listing standards as a tool in competing for listings with other exchanges, this will not necessarily lead to a “race to the bottom” in listing standards. Further, a merger between two exchanges may result in a higher listing standard for the combined exchange relative to that of either of the merging exchanges. We develop several other implications for firms’ listing choices and resulting valuation effects, the impact of competition and co-operation among exchanges on listing standards, and the optimal regulation of exchanges.","['Thomas J. Chemmanur', 'Paolo Fulghieri']","['Cross listing', 'Listing standards', 'Exchange competition', 'Takeovers of exchanges']",[],November,https://www.sciencedirect.com//science/article/pii/S0304405X06001139,Journal of Financial Economics,2006,82,2
Editorial Board,,[],[],[],October,https://www.sciencedirect.com//science/article/pii/S0304405X06001528,Journal of Financial Economics,2006,82,1
Strength of analyst coverage following IPOs,"Firms with poor aftermarket performance are given higher target prices and are more likely to receive strong buy recommendations, especially by analysts affiliated with the lead underwriter. This favorable coverage is relatively short lived, typically lasting less than six months. Controlling for the quantity of coverage received, stock prices of newly public firms increase more when the target price ratio is high and recommendation is a strong buy. These results suggest that when a firm goes public, underwriter-affiliated analysts provide protection in the form of “booster shots” of stronger coverage if the firm experiences poor aftermarket stock performance.","['Christopher James', 'Jason Karceski']","['IPO', 'Underpricing', 'Target price', 'Stock recommendation', 'Security analysts']",[],October,https://www.sciencedirect.com//science/article/pii/S0304405X0600047X,Journal of Financial Economics,2006,82,1
On the marketing of IPOs,"Derrien [2005. Journal of Finance 60, 487–521] and Ljungqvist et al. [2006. Journal of Business] build upon the work of Miller [1977. Journal of Finance 32, 1151–1168] and claim that issuers and the regular customers of investment bankers benefit from the presence of sentiment investors (noise traders) in the market for an initial public offering (IPO). Thus we argue that investment bankers have an incentive to promote an IPO to induce sentiment investors into the market for it. Consistent with this motivation and these models, we expect that the promotional efforts of investment bankers should influence the compensation of investment bankers, the valuation of an IPO, its initial returns and trading, the wealth gains of insider shareholders, and the likelihood that an issuer switches investment bankers for a subsequent seasoned equity offering. Examining data for a sample of IPOs from 1993 through 2000, we find evidence consistent with these predictions and so with the proposition that an investment banker's ability to market an IPO to sentiment investors is important.","['Douglas O. Cook', 'Robert Kieschnick', 'Robert A. Van Ness']","['Initial public offering', 'Marketing', 'Underpricing', 'Investment banking']",[],October,https://www.sciencedirect.com//science/article/pii/S0304405X06000456,Journal of Financial Economics,2006,82,1
World markets for raising new capital,"We examine the extent to which firms from different countries rely on alternative sources of capital, the locations in which they raise capital, and the factors that affect these choices. During the 1990–2001 period, firms raised about $25.3 trillion of new capital, including $4.9 trillion from abroad. International debt issuances are substantially more common than equity issuances, with debt (equity) issues accounting for 87% (9%) of all securities issued internationally, and about 20% (12%) of all public debt issuances. Market timing considerations appear to be important in security issuance decisions in most countries.","['Brian J. Henderson', 'Narasimhan Jegadeesh', 'Michael S. Weisbach']","['International debt issues', 'International equity issues', 'Market timing']",[],October,https://www.sciencedirect.com//science/article/pii/S0304405X06000432,Journal of Financial Economics,2006,82,1
Stock price reaction to public and private information,"I use Easley and O’Hara's [1992, Journal of Finance 47, 577–604] private information-based trading variable, PIN, together with a comprehensive public news database to empirically measure the effect of private and public information on the post-announcement drift. I show that stocks associated with high PIN, consensus public news surprises, and low media coverage experience low or insignificant drift. Thus not all information acquisition variables have the same effect on the market's efficiency. Whether information is public or private is irrelevant; what matters is whether information is associated with the arrival rate of informed or uninformed traders.",['Clara Vega'],"['Learning', 'Earnings announcements', 'Market microstructure', 'High-frequency data', 'Private information', 'Public information and media coverage']",[],October,https://www.sciencedirect.com//science/article/pii/S0304405X06000444,Journal of Financial Economics,2006,82,1
Debt financing: Does it boost or hurt firm performance in product markets?,"Previous research seeks to establish whether debt boosts or hurts a firm's product market performance. This paper proposes that both of these outcomes can be observed: debt can boost and hurt performance. I first model a nonmonotonic relation between debt-like finance and competitive conduct. I then empirically examine the within-industry relation between leverage and sales performance using data from 115 industries over 30 years. My tests deal with the endogeneity of debt in a novel fashion: I use creditors’ valuation of assets in liquidation to identify financial leverage. I find that moderate debt taking is associated with relative-to-rival sales gains; high indebtedness, however, leads to product market underperformance.",['Murillo Campello'],"['Capital structure', 'Product market competition', 'Industry concentration', 'Endogeneity', 'GMM']",[],October,https://www.sciencedirect.com//science/article/pii/S0304405X05001777,Journal of Financial Economics,2006,82,1
Ripples through markets: Inter-market impacts generated by large trades,"This paper uses a sample of large trades executed on the London Stock Exchange's SEAQ-I market for European cross-traded firms to investigate their impact on home market prices when parallel markets suffer from information frictions. I find that (a) large London trades produce price impacts in home markets even though no timely information is published, (b) market makers appear to pre- and post-position their inventories by splitting orders across markets, and (c) the price discovery process across markets changes significantly around large trades with the foreign market making a significantly bigger contribution to price discovery at this time, even though information opaqueness exists.",['Andrew Ellul'],"['Cross-listed companies', 'Information across markets', 'Transparency', 'Large trades']",[],October,https://www.sciencedirect.com//science/article/pii/S0304405X06000481,Journal of Financial Economics,2006,82,1
Asymmetric benchmarking in compensation: Executives are rewarded for good luck but not penalized for bad,"Principal-agent theory suggests that a manager should be paid relative to a benchmark that removes the effect of market or sector performance on the firm's own performance. Recently, it has been argued that such indexation is not observed in the data because executives can set pay in their own interests; that is, they can enjoy “pay for luck” as well as “pay for performance.” We first show that this argument is incomplete. The positive expected return on stock markets reflects compensation for bearing systematic risk. If executives’ pay is tied to market movements, they can only expect to receive the market-determined return for risk-bearing. This argument, however, assumes that executive pay is tied to bad luck as well as to good luck. If executives can truly influence the setting of their pay, they will seek to have their performance benchmarked only when it is in their interest, namely, when the benchmark has fallen. Using industry benchmarks, we find significantly less pay for luck when luck is down (in which case, pay for luck would reduce compensation) than when it is up. These empirical results are robust to a variety of alternative hypotheses and robustness checks, and they suggest that the average executive loses 25–45% less pay from bad luck than is gained from good luck.","['Gerald T. Garvey', 'Todd T. Milbourn']","['CEO compensation', 'Benchmarking', 'Pay for luck']",[],October,https://www.sciencedirect.com//science/article/pii/S0304405X06000675,Journal of Financial Economics,2006,82,1
Estimation of continuous-time models with an application to equity volatility dynamics,"The treatment of this article renders closed-form density approximation feasible for univariate continuous-time models. Implementation methodology depends directly on the parametric-form of the drift and the diffusion of the primitive process and not on its transformation to a unit-variance process. Offering methodological convenience, the approximation method relies on numerically evaluating one-dimensional integrals and circumvents existing dependence on intractable multidimensional integrals. Density-based inferences can now be drawn for a broader set of models of equity volatility. Our empirical results provide insights on crucial outstanding issues related to the rank-ordering of continuous-time stochastic volatility models, the absence or presence of nonlinearities in the drift function, and the desirability of pursuing more flexible diffusion function specifications.","['Gurdip Bakshi', 'Nengjiu Ju', 'Hui Ou-Yang']","['Continuous-time models', 'Maximum-likelihood estimation', 'Density approximation', 'Equity volatility', 'Market volatility dynamics']",[],October,https://www.sciencedirect.com//science/article/pii/S0304405X06000651,Journal of Financial Economics,2006,82,1
Editorial Board,,[],[],[],September,https://www.sciencedirect.com//science/article/pii/S0304405X06001280,Journal of Financial Economics,2006,81,3
External finance constraints and the intertemporal pattern of intermittent investment,Do external finance constraints affect the timing of large investment projects? Simulations of a model with fixed capital-stock adjustment costs establish the hypothesis that external finance constraints lower a firm's investment hazard: the probability of undertaking a large project today as a function of the time since the last project. Hazard model estimation that controls for productivity and adjustment costs supports this hypothesis. Small firms that distribute cash to shareholders have higher hazards than small firms that do not; very small firms have lower hazards than small firms; small stand-alone firms have significantly lower hazards than small segments of conglomerates.,['Toni M. Whited'],"['Finance constraints', 'Lumpy investment', 'Hazard estimation']",[],September,https://www.sciencedirect.com//science/article/pii/S0304405X06000237,Journal of Financial Economics,2006,81,3
Evidence on the effects of bank competition on firm borrowing and investment,"This paper presents evidence on the financial and real effects of bank competition using a large panel of privately held firms. I trace the firm-level impact of the Riegle-Neal Interstate Banking and Branching Efficiency Act of 1994, which increased the competitiveness of U.S. banking markets. Following the deregulation, newly formed firms used significantly less external debt, were smaller, and realized higher returns on assets, consistent with their investing less due to greater financial constraints. These effects diminish as firms age, ultimately reversing sign. The differential impact that banking market reforms may have on newer and more established firms is underscored.",['Rebecca Zarutskie'],"['Bank competition', 'Corporate debt', 'Financial constraints', 'Riegle-Neal act']",[],September,https://www.sciencedirect.com//science/article/pii/S0304405X06000201,Journal of Financial Economics,2006,81,3
"Dividend policy, signaling, and discounts on closed-end funds","We test the predictions of dividend signaling models using closed-end equity funds that adopt explicit policies committing them to pay minimum dividend yields. These policies represent deliberate attempts to reduce share price undervaluation relative to NAV. Funds that adopt minimum dividend policies experience reductions in their share price discounts, trade at smaller discounts than other funds, earn greater excess returns following policy adoption, and their managers survive longer than other managers do. The results are broadly consistent with the predictions of dividend signaling models, and suggest that high quality closed-end funds can reduce undervaluation via dividend policy.","['Shane A. Johnson', 'Ji-Chai Lin', 'Kyojik Roy Song']","['Dividend policy', 'Signaling', 'Closed-funds', 'Compensation']",[],September,https://www.sciencedirect.com//science/article/pii/S0304405X06000274,Journal of Financial Economics,2006,81,3
Tax shelters and corporate debt policy,"We gather a unique sample of 44 tax shelter cases to investigate the magnitude of tax shelter activity and whether participating in a shelter is related to corporate debt policy. The average annual deduction produced by the shelters in our sample is very large, equaling approximately nine percent of asset value. These deductions are more than three times as large as interest deductions for comparable companies. The firms in our sample use less debt when they engage in tax sheltering. Compared to companies with similar pre-shelter debt ratios, the debt ratios of firms engaged in tax shelters fall by about 8%. The tax shelter firms in our sample appear underlevered if shelters are ignored but do not appear underlevered once shelters are considered.","['John R. Graham', 'Alan L. Tucker']","['Taxes', 'Tax shelters', 'Debt', 'Capital structure', 'Tax evasion']",[],September,https://www.sciencedirect.com//science/article/pii/S0304405X06000298,Journal of Financial Economics,2006,81,3
Output and expected returns,"This paper shows for 1929–2003 U.S. data and also for international G-7 data that the ratio of share prices to GDP tracks a large fraction of the variation over time in expected returns on the aggregate stock market, capturing more of that variation than do price–earnings and price–dividend ratios and often also providing additional information about excess returns. The price–output ratio tracks long-term U.S. cumulative stock returns almost as well as the cay-ratio of Lettau and Ludvigson [2001a. Journal of Finance 56, 815–849, 2005. Journal of Financial Economics 76, 583–626], although the cay-ratio tracks variation in U.S. excess returns better. The price–output ratio, however, involves no parameter estimation and is easily constructed for non-U.S. countries.",['Jesper Rangvid'],"['Share prices', 'GDP', 'Return predictability']",[],September,https://www.sciencedirect.com//science/article/pii/S0304405X06000250,Journal of Financial Economics,2006,81,3
Stock market liberalization and operating performance at the firm level,"I use firm-specific measures of openness to foreign investors to study the impact of stock market liberalization on firm-level operating performance. In a sample of over 1,100 firms from 28 countries, firms with stocks that are open to foreign investors experience higher growth, greater investment, greater profitability, greater efficiency, and lower leverage. Strategies to address potential endogeneity suggest that the observed relation reflects, at least in part, a causal effect of openness on operating performance.",['Todd Mitton'],"['Financial liberalization', 'Investability', 'Foreign investors', 'Operating performance']",[],September,https://www.sciencedirect.com//science/article/pii/S0304405X06000304,Journal of Financial Economics,2006,81,3
"IPOs, acquisitions, and the use of convertible securities in venture capital","This paper provides a new explanation for the use of convertible securities in venture capital. A key property of convertible preferred equity is that it allocates different cash flow rights, depending on whether exit occurs by acquisition or IPO. The paper builds a model with double moral hazard, where both the entrepreneur and the venture capitalist provide value-adding effort. The optimal contract gives the venture capitalist more cash flow rights in acquisitions than IPOs. This explains the use of convertible preferred equity, including automatic conversion at IPO. Contingent control rights are also important for achieving efficient exit decisions.",['Thomas Hellmann'],"['Venture capital', 'Convertible securities', 'IPO', 'Acquisition']",[],September,https://www.sciencedirect.com//science/article/pii/S0304405X06000183,Journal of Financial Economics,2006,81,3
Shareholder wealth effects and bid negotiation in freeze-out deals: Are minority shareholders left out in the cold?,"This paper examines the shareholder wealth effects of bids by controlling shareholders seeking to acquire the remaining minority equity stake in a firm, deals commonly referred to as minority freeze-outs. Minority claimants in freeze-out offers receive an allocation of deal surplus at the bid announcement that exceeds their pro rata claim on the firm. An analysis of bid outcomes and renegotiation indicates that minority claimants and their agents exercise significant bargaining power during freeze-out proposals. Overall, our results suggest that legal standards and economic incentives are sufficient to deter self-dealing by controllers during freeze-out bids.","['Thomas W. Bates', 'Michael L. Lemmon', 'James S. Linck']","['Merger', 'Tender offer', 'Squeeze-out', 'Freeze-out', 'Toehold']",[],September,https://www.sciencedirect.com//science/article/pii/S0304405X06000249,Journal of Financial Economics,2006,81,3
Author index to volume 81,,[],[],[],September,https://www.sciencedirect.com//science/article/pii/S0304405X06001334,Journal of Financial Economics,2006,81,3
Editorial Board,,[],[],[],August,https://www.sciencedirect.com//science/article/pii/S0304405X0600119X,Journal of Financial Economics,2006,81,2
Dividend policy and the earned/contributed capital mix: a test of the life-cycle theory,"Consistent with a life-cycle theory of dividends, the fraction of publicly traded industrial firms that pay dividends is high when retained earnings are a large portion of total equity (and of total assets) and falls to near zero when most equity is contributed rather than earned. We observe a highly significant relation between the decision to pay dividends and the earned/contributed capital mix, controlling for profitability, growth, firm size, total equity, cash balances, and dividend history, a relation that also holds for dividend initiations and omissions. In our regressions, the mix of earned/contributed capital has a quantitatively greater impact than measures of profitability and growth opportunities. We document a massive increase in firms with negative retained earnings (from 11.8% of industrials in 1978 to 50.2% in 2002). Controlling for the earned/contributed capital mix, firms with negative retained earnings show virtually no change in their propensity to pay dividends from the mid-1970s to 2002, while those whose earned equity makes them reasonable candidates to pay dividends have a propensity reduction that is twice the overall reduction in Fama and French [2000, Journal of Financial Economics 76, 549–582]. Finally, our simulations show that, if well-established firms had not paid dividends, their cash balances would be enormous and their long-term debt trivial, thus granting extreme discretion to managers of these mature firms.","['Harry DeAngelo', 'Linda DeAngelo', 'René M. Stulz']","['Dividends', 'Payout policy', 'Agency costs', 'Earned equity', 'Contributed capital']",[],August,https://www.sciencedirect.com//science/article/pii/S0304405X06000225,Journal of Financial Economics,2006,81,2
Determinants of collateral,"We estimate a comprehensive model of the determinants of collateral in loans extended to business firms. We use a panel data on a sample of bank loans to Spanish firms from 1984 to 2002. Consistent with theories that view collateral as a solution to adverse selection problems, our results provide direct evidence of a negative association between collateral and a borrower's risk. We also present evidence on previously unexplored determinants of collateral such as credit market competition, lender type, and the business cycle.","['Gabriel Jiménez', 'Vicente Salas', 'Jesús Saurina']","['Collateral', 'Asymmetric information', 'Relationship banking', 'Competition', 'Business cycle']",[],August,https://www.sciencedirect.com//science/article/pii/S0304405X05002369,Journal of Financial Economics,2006,81,2
"Hedging, speculation, and shareholder value","We document that gold mining firms have consistently realized economically significant cash flow gains from their derivatives transactions. We conclude that these cash flows have increased shareholder value since there is no evidence of an offsetting adjustment in firms’ systematic risk. This finding contradicts a central assumption in the risk management literature that derivatives transactions have zero net present value, and highlights an important motive for firms to use derivatives that the literature has hitherto ignored. Although we find considerable evidence of selective hedging in our sample, the cash flow gains from selective hedging appear to be small at best.","['Tim R. Adam', 'Chitru S. Fernando']","['Corporate risk management', 'Hedging', 'Speculation', 'Risk premium', 'Hedging benefits']",[],August,https://www.sciencedirect.com//science/article/pii/S0304405X05002345,Journal of Financial Economics,2006,81,2
Feedback and the success of irrational investors,"We provide a model in which irrational investors trade based upon considerations that have no inherent connection to fundamentals. However, trading activity affects market prices, and because of feedback from security prices to cash flows, the irrational trades influence underlying cash flows. As a result, irrational investors can, in some situations, earn abnormal (i.e., risk-adjusted) profits that can exceed the abnormal profits of rational informed investors. Although the trading of irrational investors cause prices to deviate from fundamental values, stock prices follow a random walk.","['David Hirshleifer', 'Avanidhar Subrahmanyam', 'Sheridan Titman']","['Investor psychology', 'Market efficiency', 'Feedback', 'Irrational trading', 'Behavioral finance']",[],August,https://www.sciencedirect.com//science/article/pii/S0304405X05002187,Journal of Financial Economics,2006,81,2
Investing in mutual funds when returns are predictable,"This paper forms investment strategies in US domestic equity mutual funds, incorporating predictability in (i) manager skills, (ii) fund risk loadings, and (iii) benchmark returns. We find predictability in manager skills to be the dominant source of investment profitability—long-only strategies that incorporate such predictability outperform their Fama-French and momentum benchmarks by 2 to 4%/year by timing industries over the business cycle, and by an additional 3 to 6%/year by choosing funds that outperform their industry benchmarks. Our findings indicate that active management adds significant value, and that industries are important in locating outperforming mutual funds.","['Doron Avramov', 'Russ Wermers']","['Equity mutual funds', 'Asset allocation', 'Time-varying managerial skills']",[],August,https://www.sciencedirect.com//science/article/pii/S0304405X06000031,Journal of Financial Economics,2006,81,2
Own company stock in defined contribution pension plans: A takeover defense?,"If managers induce employees to hold company stock in defined contribution pension plans as a form of takeover defense, then changes in state laws that enhance managerial protection should lead to a reduction in employer stock in 401(k) plans. Delaware's mid-1990s validation of the poison pill in conjunction with a staggered board was followed by a significant decline in employee ownership within defined contribution plans for firms incorporated in Delaware. Evidence using governance data suggests that this is due to responses of firms with staggered boards. Binary choice models confirm that employee ownership in defined contribution plans lowers takeover probabilities.",['Joshua D. Rauh'],"['Takeover', 'Ownership', 'Pensions']",[],August,https://www.sciencedirect.com//science/article/pii/S0304405X06000195,Journal of Financial Economics,2006,81,2
"Political relationships, global financing, and corporate transparency: Evidence from Indonesia","This study examines the role of political connections in firms’ financing strategies and their long-run performance. We view political connections as an example for domestic arrangements which can reduce the benefits of global financing. Using data from Indonesia, we find that firms with strong political connections are less likely to have publicly traded foreign securities. As a result, estimates of the performance consequences of foreign financing are severely biased if value-creating domestic arrangements such as political relationships are ignored. Connections not only alter firms’ financing strategies, they also influence long-run performance. Tracking returns across several regimes, we show that firms have difficulty re-establishing connections with a new government when their patron falls from power, leading closely connected firms to underperform under the new regime and subsequently to increase their foreign financing.","['Christian Leuz', 'Felix Oberholzer-Gee']","['Cross listing', 'Financing choices', 'Emerging markets', 'Asian financial crisis', 'Indonesia', 'Disclosure']",[],August,https://www.sciencedirect.com//science/article/pii/S0304405X06000043,Journal of Financial Economics,2006,81,2
The strategy of professional forecasting,"We develop and compare two theories of professional forecasters’ strategic behavior. The first theory, reputational cheap talk, posits that forecasters endeavor to convince the market that they are well informed. The market evaluates their forecasting talent on the basis of the forecasts and the realized state. If the market expects forecasters to report their posterior expectations honestly, then forecasts are shaded toward the prior mean. With correct market expectations, equilibrium forecasts are imprecise but not shaded. The second theory posits that forecasters compete in a forecasting contest with pre-specified rules. In a winner-take-all contest, equilibrium forecasts are excessively differentiated.","['Marco Ottaviani', 'Peter Norman Sørensen']","['Forecasting', 'Reputation', 'Cheap talk', 'Contest', 'Exaggeration']",[],August,https://www.sciencedirect.com//science/article/pii/S0304405X06000286,Journal of Financial Economics,2006,81,2
Editorial Board,,[],[],[],July,https://www.sciencedirect.com//science/article/pii/S0304405X06001024,Journal of Financial Economics,2006,81,1
Do a firm's equity returns reflect the risk of its pension plan?,"This paper examines the empirical question of whether systematic equity risk of US firms as measured by beta from the capital asset pricing model reflects the risk of their pension plans. There are a number of reasons to suspect that it might not. Chief among them is the opaque set of accounting rules used to report pension assets, liabilities, and expenses. Pension plan assets and liabilities are off-balance sheet and are often viewed as segregated from the rest of the firm, with its own trustees. Pension accounting rules are complicated. Furthermore, the role of the Pension Benefit Guaranty Corporation clouds the real relation between pension plan risk and firm equity risk. The empirical findings in this paper are consistent with the hypothesis that equity risk does reflect the risk of the firm's pension plan despite arcane accounting rules for pensions. This finding is consistent with informational efficiency of the capital markets. It also has implications for corporate finance practice in the determination of the cost of capital for capital budgeting. Standard procedure uses de-leveraged equity return betas to infer the cost of capital for operating assets. But the de-leveraged betas are not adjusted for the risk of the pension assets and liabilities. Failure to make this adjustment typically biases upward estimates of the discount rate for capital budgeting. The magnitude of the bias is shown here to be large for a number of well-known US companies. This bias can result in positive net present value projects being rejected.","['Li Jin', 'Robert C. Merton', 'Zvi Bodie']","['Defined benefit pension plan', 'Market efficiency', 'Cost of capital', 'Capital budgeting']",[],July,https://www.sciencedirect.com//science/article/pii/S0304405X05002370,Journal of Financial Economics,2006,81,1
Efficient tests of stock return predictability,"Conventional tests of the predictability of stock returns could be invalid, that is reject the null too frequently, when the predictor variable is persistent and its innovations are highly correlated with returns. We develop a pretest to determine whether the conventional t-test leads to invalid inference and an efficient test of predictability that corrects this problem. Although the conventional t-test is invalid for the dividend–price and smoothed earnings–price ratios, our test finds evidence for predictability. We also find evidence for predictability with the short rate and the long-short yield spread, for which the conventional t-test leads to valid inference.","['John Y. Campbell', 'Motohiro Yogo']","['Bonferroni test', 'Dividend yield', 'Predictability', 'Stock returns', 'Unit root']",[],July,https://www.sciencedirect.com//science/article/pii/S0304405X05002151,Journal of Financial Economics,2006,81,1
Was there a Nasdaq bubble in the late 1990s?,"Not necessarily: a firm's fundamental value increases with uncertainty about average future profitability, and this uncertainty was unusually high in the late 1990s. After calibrating a stock valuation model that takes this uncertainty into account, we compute the level of uncertainty that is needed to match the observed Nasdaq valuations at their peak. The uncertainty we obtain seems plausible because it matches not only the high level but also the high volatility of Nasdaq stock prices. In general, we argue that the level and volatility of stock prices are positively linked through firm-specific uncertainty about average future profitability.","['Ľuboš Pástor', 'Pietro Veronesi']","['Bubble', 'Nasdaq', 'Valuation', 'Uncertainty', 'Volatility']",[],July,https://www.sciencedirect.com//science/article/pii/S0304405X05002163,Journal of Financial Economics,2006,81,1
Cross-sectional forecasts of the equity premium,"If investors are myopic mean-variance optimizers, a stock's expected return is linearly related to its beta in the cross-section. The slope of the relation is the cross-sectional price of risk, which should equal the expected equity premium. We use this simple observation to forecast the equity-premium time series with the cross-sectional price of risk. We also introduce novel statistical methods for testing stock-return predictability based on endogenous variables whose shocks are potentially correlated with return shocks. Our empirical tests show that the cross-sectional price of risk (1) is strongly correlated with the market's yield measures and (2) predicts equity-premium realizations, especially in the first half of our 1927–2002 sample.","['Christopher Polk', 'Samuel Thompson', 'Tuomo Vuolteenaho']","['Equity premium', 'CAPM', 'Predicting returns', 'Conditional inference', 'Neural networks']",[],July,https://www.sciencedirect.com//science/article/pii/S0304405X05002126,Journal of Financial Economics,2006,81,1
On the role of arbitrageurs in rational markets,"We investigate the role of “arbitrageurs,” who exploit price discrepancies between redundant securities. Arbitrage opportunities arise endogenously in an economy populated by rational, heterogeneous investors facing investment restrictions. We show that an arbitrageur alleviates these restrictions and improves the transfer of risk amongst investors. When the arbitrageur behaves noncompetitively, taking into account the price impact of his trades, he optimally limits the size of his positions due to his decreasing marginal profits. When the arbitrageur is subject to margin requirements and is endowed with capital from outside investors, the size of his trades and capital are endogenously determined in equilibrium.","['Suleyman Basak', 'Benjamin Croitoru']","['Arbitrage', 'Asset pricing', 'Margin requirements', 'Noncompetitive markets', 'Risk-sharing']",[],July,https://www.sciencedirect.com//science/article/pii/S0304405X05002114,Journal of Financial Economics,2006,81,1
The economic consequences of increased disclosure: Evidence from international cross-listings,"We examine market behavior around earnings announcements to understand the consequences of the increased disclosure that non-U.S. firms face when listing shares in the U.S. We find that absolute return and volume reactions to earnings announcements typically increase significantly once a company cross-lists in the U.S. Furthermore, these increases are greatest for firms from developed countries and for firms that pursue over-the-counter listings or private placements, which do not have stringent disclosure requirements. Additional tests support the hypothesis that it is changes in the individual firm's disclosure environment, rather than changes in its market liquidity, ownership, or trading venue, that explain our findings.","['Warren Bailey', 'G. Andrew Karolyi', 'Carolina Salva']","['International cross-listing', 'Earnings announcements', 'Trading volume', 'Volatility']",[],July,https://www.sciencedirect.com//science/article/pii/S0304405X05002357,Journal of Financial Economics,2006,81,1
The value of tax shields IS equal to the present value of tax shields,"Fernandez [2004b. The value of tax shields is not equal to the present value of tax shields. Journal of Financial Economics 73, 145–165] argues that the present value effect of the tax saving on debt cannot be calculated as simply the present value of the tax shields associated with interest. This contradicts standard results in the literature. It implies that, even though the capital market is complete, value-additivity is violated. As a consequence, adjusted present value formulae of a standard sort cannot be used. Also, Fernandez's argument implies that the value of the tax saving differs from conventional estimates by a considerable amount. We reconcile Fernandez's results with standard valuation formulae for the tax saving from debt. We show that, as one would expect, the value of the debt tax saving is the present value of the tax savings from interest. The apparent violation of value-additivity in the Fernandez paper comes from mixing the Miles and Ezzell and Miller and Modigliani leverage policies.","['Ian A. Cooper', 'Kjell G. Nyborg']","['Value of tax shields', 'Leverage policy', 'Adjusted present value', 'Unlevered beta', 'Cost of capital']",[],July,https://www.sciencedirect.com//science/article/pii/S0304405X06000171,Journal of Financial Economics,2006,81,1
Editorial Board,,[],[],[],June,https://www.sciencedirect.com//science/article/pii/S0304405X06000845,Journal of Financial Economics,2006,80,3
A theory of socialistic internal capital markets,"We develop a model of a two-division firm in which the “strong” division has, on average, higher quality investment opportunities than the “weak” division. We show that, in the presence of agency and information problems, optimal effort incentives are less powerful and thus managerial effort is lower in the strong division. This leads the firm to bias its project selection policy against the strong division. The selection bias is more severe when there is a larger spread in the average quality of investment opportunities between the two divisions.","['Antonio E. Bernardo', 'Jiang Luo', 'James J.D. Wang']","['Internal capital markets', 'Capital budgeting', 'Investment policy']",[],June,https://www.sciencedirect.com//science/article/pii/S0304405X05002205,Journal of Financial Economics,2006,80,3
CEO incentives and earnings management,"We provide evidence that the use of discretionary accruals to manipulate reported earnings is more pronounced at firms where the CEO's potential total compensation is more closely tied to the value of stock and option holdings. In addition, during years of high accruals, CEOs exercise unusually large numbers of options and CEOs and other insiders sell large quantities of shares.","['Daniel Bergstresser', 'Thomas Philippon']","['Earnings management', 'Stock options', 'CEO compensation']",[],June,https://www.sciencedirect.com//science/article/pii/S0304405X05001121,Journal of Financial Economics,2006,80,3
Dynamic liquidity in endowment economies,"This paper analyzes endogenous variations in aggregate liquidity that arise in standard representative-agent endowment economies. I introduce a natural definition of liquidity, essentially a shadow elasticity, that characterizes the price impact function or bid/ask spread that a small trader would experience. I compute this quantity for some tractable examples and uncover a rich variety of predictions that, in some cases, appear consistent with levels and covariations observed in the data. The results have important implications for the pricing and hedging of liquidity risk.",['Timothy C. Johnson'],"['Liquidity', 'Liquidity risk', 'Asset pricing']",[],June,https://www.sciencedirect.com//science/article/pii/S0304405X0500214X,Journal of Financial Economics,2006,80,3
"Investor attention, overconfidence and category learning","Motivated by psychological evidence that attention is a scarce cognitive resource, we model investors’ attention allocation in learning and study the effects of this on asset-price dynamics. We show that limited investor attention leads to category-learning behavior, i.e., investors tend to process more market and sector-wide information than firm-specific information. This endogenous structure of information, when combined with investor overconfidence, generates important features observed in return comovement that are otherwise difficult to explain with standard rational expectations models. Our model also demonstrates new cross-sectional implications for return predictability.","['Lin Peng', 'Wei Xiong']","['Limited attention', 'Category effects', 'Behavioral biases', 'Comovement', 'Return predictability']",[],June,https://www.sciencedirect.com//science/article/pii/S0304405X05002138,Journal of Financial Economics,2006,80,3
An equilibrium model of incentive contracts in the presence of information manipulation,"This paper develops an agency model in which stock-based compensation is a double-edged sword, inducing managers to exert productive effort but also to divert valuable firm resources to misrepresent performance. We examine how the potential for manipulation affects the equilibrium level of pay-for-performance sensitivity and derive several new cross-sectional implications that are consistent with recent empirical studies. In addition, we analyze the impact of recent regulatory changes contained in the Sarbanes-Oxley Act of 2002 and show how policies intended to increase firm value by reducing misrepresentation can actually reduce firm value or increase the upward bias in manipulated disclosures.","['Eitan Goldman', 'Steve L. Slezak']","['Executive compensation', 'Information manipulation', 'Governance', 'Fraud']",[],June,https://www.sciencedirect.com//science/article/pii/S0304405X05002229,Journal of Financial Economics,2006,80,3
Earnings and price momentum,"This paper examines whether earnings momentum and price momentum are related. Both in time-series as well as in cross-sectional asset pricing tests, we find that price momentum is captured by the systematic component of earnings momentum. The predictive power of past returns is subsumed by a zero-investment portfolio that is long on stocks with high earnings surprises and short on stocks with low earnings surprises. Further, returns to the earnings-based zero-investment portfolio are significantly related to future macroeconomic activities, including growth in GDP, industrial production, consumption, labor income, inflation, and T-bill returns.","['Tarun Chordia', 'Lakshmanan Shivakumar']","['Post-earnings announcement drift', 'Price momentum', 'Earnings momentum', 'Market efficiency', 'Macroeconomy']",[],June,https://www.sciencedirect.com//science/article/pii/S0304405X05002175,Journal of Financial Economics,2006,80,3
Who herds?,"This paper develops a test for herding in forecasts by professional financial analysts that is robust to (a) correlated information amongst analysts; (b) common unforecasted industry-wide earnings shocks; (c) information arrival over the forecasting cycle; (d) the possibility that the earnings that analysts forecast differ from what the econometrician observes; and (e) systematic optimism or pessimism among analysts. We find that forecasts are biased, but that analysts do not herd. Instead, analysts “anti-herd”: Analysts systematically issue biased contrarian forecasts that overshoot the publicly-available consensus forecast in the direction of their private information.","['Dan Bernhardt', 'Murillo Campello', 'Edward Kutsoati']","['Earnings forecasting', 'Financial analysts', 'Herding', 'Econometric test', 'Contrarian behavior']",[],June,https://www.sciencedirect.com//science/article/pii/S0304405X06000213,Journal of Financial Economics,2006,80,3
Liquidity needs and vulnerability to financial underdevelopment,"This paper provides evidence that financial development has a large causal effect in the reduction of macroeconomic volatility resulting from the role of the financial system in liquidity provision. In particular, financial system development leads to a comparatively larger reduction in the volatility of output in sectors with high liquidity needs. Most of this decline results from the stabilization of the output of existing firms, although the volatility of the number of firms also drops significantly. Among different aspects of the financial system, the depth of financial intermediaries plays the main role in the reduction of volatility.",['Claudio Raddatz'],"['Financial development', 'Economic volatility', 'Liquidity needs']",[],June,https://www.sciencedirect.com//science/article/pii/S0304405X05001765,Journal of Financial Economics,2006,80,3
Author index to volume 80,,[],[],[],June,https://www.sciencedirect.com//science/article/pii/S0304405X06000894,Journal of Financial Economics,2006,80,3
Editorial Board,,[],[],[],May,https://www.sciencedirect.com//science/article/pii/S0304405X06000730,Journal of Financial Economics,2006,80,2
Tax management strategies with multiple risky assets,"We study the consumption-portfolio problem in a setting with capital gain taxes and multiple risky stocks to understand how short selling influences portfolio choice with a shorting-the-box restriction. Our analysis uncovers a novel trading flexibility strategy whereby, to minimize future tax-induced trading costs, the investor optimally shorts one of the stocks (or equivalently, buys put options) even when no stock has an embedded gain. Alternatively, an imperfect form of shorting the box can reduce aggregate equity exposure ex post. Given these two short selling strategies, it is common for an unconstrained investor to short some equity while a constrained investor holds a positive investment in all stocks. With no shorting, the benefit of trading separately in multiple stocks is not economically significant.","['Michael F. Gallmeyer', 'Ron Kaniel', 'Stathis Tompaidis']","['Portfolio choice', 'Capital gain taxation', 'Short selling']",[],May,https://www.sciencedirect.com//science/article/pii/S0304405X05000930,Journal of Financial Economics,2006,80,2
Dividend changes and catering incentives,"We extend Baker and Wurgler's [2004a. Journal of Finance 59 1125–1165] catering theory to include decreases and increases in existing dividends. Consistent with our extended model, we find that the decision to change the dividend and the magnitude of the change depend on the premium that the capital market places on dividends. We also find that the stock market reaction to dividend changes depends on the dividend premium. Thus, the capital market rewards managers for considering investor demand for dividends when making decisions about the level of dividends.","['Wei Li', 'Erik Lie']","['Dividends', 'Payout policy', 'Catering']",[],May,https://www.sciencedirect.com//science/article/pii/S0304405X05001583,Journal of Financial Economics,2006,80,2
Momentum and post-earnings-announcement drift anomalies: The role of liquidity risk,"This paper investigates the components of liquidity risk that are important for understanding asset-pricing anomalies. Firm-level liquidity is decomposed into variable and fixed price effects and estimated using intraday data for the period 1983–2001. Unexpected systematic (market-wide) variations of the variable component rather than the fixed component of liquidity are shown to be priced within the context of momentum and post-earnings-announcement drift (PEAD) portfolio returns. As the variable component is typically associated with private information [e.g., Kyle, 1985. Econometrica 53, 1315–1335], the results suggest that a substantial part of momentum and PEAD returns can be viewed as compensation for the unexpected variations in the aggregate ratio of informed traders to noise traders.",['Ronnie Sadka'],"['Liquidity risk', 'Transaction costs', 'Price impact', 'Asset pricing', 'Momentum trading', 'Post-earnings-announcement drift']",[],May,https://www.sciencedirect.com//science/article/pii/S0304405X05001819,Journal of Financial Economics,2006,80,2
The outsourcing of R&D through acquisitions in the pharmaceutical industry,We examine the performance of 160 pharmaceutical acquisitions from 1994 to 2001 and find evidence that on average acquirers realize significant positive returns. These returns are positively correlated with prior acquirer access to information about the research and development activities at target firms and a superior negotiating position. A unique Desperation Index is employed to determine the current status of a firm's internal productivity. We find that firms experiencing declines in internal productivity or which are more desperate are more likely to engage in an outsourcing-type acquisition in an effort to replenish their research pipelines.,"['Matthew J. Higgins', 'Daniel Rodriguez']","['Acquisitions', 'Asymmetric information', 'Pharmaceutical industry']",[],May,https://www.sciencedirect.com//science/article/pii/S0304405X05001807,Journal of Financial Economics,2006,80,2
"How do family ownership, control and management affect firm value?","Using proxy data on all Fortune-500 firms during 1994–2000, we find that family ownership creates value only when the founder serves as CEO of the family firm or as Chairman with a hired CEO. Dual share classes, pyramids, and voting agreements reduce the founder's premium. When descendants serve as CEOs, firm value is destroyed. Our findings suggest that the classic owner-manager conflict in nonfamily firms is more costly than the conflict between family and nonfamily shareholders in founder-CEO firms. However, the conflict between family and nonfamily shareholders in descendant-CEO firms is more costly than the owner-manager conflict in nonfamily firms.","['Belen Villalonga', 'Raphael Amit']","['Family firms', 'Ownership', 'Control', 'Management', 'Value']",[],May,https://www.sciencedirect.com//science/article/pii/S0304405X05001157,Journal of Financial Economics,2006,80,2
"The American keiretsu and universal banks: Investing, voting and sitting on nonfinancials’ corporate boards","This paper investigates the equity investments and voting rights that American banks control through their trust business. The paper also studies whether the voting rights American banks control through their trust business help explain their presence on firms’ corporate boards. We find that on average the largest 100 American banks control 10% of the voting rights of S&P 500 firms. We also find that there are several firms in the S&P 500 index in which the top banks control more than 20% of their voting rights, and several firms in the country in which these banks control more than 60% of their voting rights. Our investigation into the presence of American bankers on corporate boards shows that bankers are more likely to join the boards of firms in which they control a large voting stake. We also find that banks’ lending relationships help explain bankers’ board memberships. Our results further show that bankers who have both a voting stake in a firm and a lending relationship with it have a higher likelihood of joining the firm's board of directors.","['João A.C. Santos', 'Adrienne S. Rumble']","['Boards of directors', 'Bank directors', 'Trust business', 'Voting rights', 'Cash rights']",[],May,https://www.sciencedirect.com//science/article/pii/S0304405X05001753,Journal of Financial Economics,2006,80,2
Do accurate earnings forecasts facilitate superior investment recommendations?,"We find that analysts who issue more accurate earnings forecasts also issue more profitable stock recommendations. The average factor-adjusted return associated with the recommendations of analysts in the highest accuracy quintile exceeds the corresponding return for analysts in the lowest accuracy quintile by 1.27% per month. Our findings provide indirect empirical support for valuation models in the accounting and finance literatures (e.g., Ohlson, 1995) that emphasize the role of future earnings in predicting stock price movements. Our results also suggest that imperfectly efficient markets reward information gatherers, such as security analysts, for their costly activities in generating superior earnings forecasts.","['Roger K. Loh', 'G. Mujtaba Mian']","['Earnings-based valuation models', 'Earnings forecasts', 'Stock recommendations', 'Security analysts']",[],May,https://www.sciencedirect.com//science/article/pii/S0304405X0500173X,Journal of Financial Economics,2006,80,2
Editorial Board,,[],[],[],April,https://www.sciencedirect.com//science/article/pii/S0304405X06000511,Journal of Financial Economics,2006,80,1
NBER Conference on corporate alliances,,"['Josh Lerner', 'Raghuram Rajan']",[],[],April,https://www.sciencedirect.com//science/article/pii/S0304405X06000316,Journal of Financial Economics,2006,80,1
Do alliances promote knowledge flows?,"We explore the role of interfirm alliances as a mechanism for sharing technological knowledge. We argue that knowledge flows between alliance partners will be greater than flows between pairs of nonallied firms, and less than flows between units within single firms. Using patent citations as a proxy for knowledge flows, we find results that are consistent with these expectations. We then explore how firm characteristics affect knowledge flows within alliances and find positive effects due to technological, geographic, and business similarities between partners. We use alliance data from MERIT, patent data from the USPTO, and firm data from Compustat.","['Benjamin Gomes-Casseres', 'John Hagedoorn', 'Adam B. Jaffe']","['Alliances', 'Technology transfer', 'Patents', 'Knowledge', 'Multinational companies']",[],April,https://www.sciencedirect.com//science/article/pii/S0304405X05001558,Journal of Financial Economics,2006,80,1
"Strategic alliances, equity stakes, and entry deterrence","I study how strategic alliances and their impact on future competitive incentives can motivate interfirm equity sales. In the model, an alliance between an entrepreneurial firm and an established firm improves efficiency for both. However, the requisite knowledge transfer heightens the established firm's incentive to enter one of its partner's markets. I show that equity can eliminate the entry incentive, but accommodation is sometimes chosen to encourage entrepreneurial effort on future growth options. I analyze stake sizes, block pricing, and welfare effects. The results have implications for equity alliances, corporate venture capital, and the organization of research activities.",['Richmond D. Mathews'],"['Strategic alliances', 'Cooperation', 'Equity stakes', 'Entry deterrence', 'Corporate venture capital']",[],April,https://www.sciencedirect.com//science/article/pii/S0304405X05002199,Journal of Financial Economics,2006,80,1
Dynamic forecasting behavior by analysts: Theory and evidence,"We develop a multi-period learning model to examine the relation between analysts’ forecasting behavior and their performance. In a competitive market for banking services, the surplus and the analyst's payoff, which is determined through bargaining, are convex in her reputation. The convexity of her payoff structure and the presence of employment risk lead to a U-shaped relation between the analyst's forecast boldness and prior performance and a positive relation between forecast boldness and experience. We find support for these predictions in our empirical analysis. Significant underperformers (outperformers) face higher (lower) employment risk and are more likely to issue bolder forecasts.","['Jonathan Clarke', 'Ajay Subramanian']","['Analysts', 'Career concerns', 'Employment risk', 'Dynamic forecasting', 'Herding']",[],April,https://www.sciencedirect.com//science/article/pii/S0304405X05001728,Journal of Financial Economics,2006,80,1
Stock price synchronicity and analyst coverage in emerging markets,"This paper examines the relation between the stock price synchronicity and analyst activity in emerging markets. Contrary to the conventional wisdom that security analysts specialize in the production of firm-specific information, we find that securities which are covered by more analysts incorporate greater (lesser) market-wide (firm-specific) information. Using the R2 statistics of the market model as a measure of synchronicity of stock price movement, we find that greater analyst coverage increases stock price synchronicity. Furthermore, after controlling for the influence of firm size on the lead–lag relation, we find that the returns of high analyst-following portfolio lead returns of low analyst-following portfolio more than vice versa. We also find that the aggregate change in the earnings forecasts in a high analyst-following portfolio affects the aggregate returns of the portfolio itself as well as those of the low analyst-following portfolio, whereas the aggregate change in the earnings forecasts of the low analyst-following portfolio have no predictive ability. Finally, when the forecast dispersion is high, the effect of analyst coverage on stock price synchronicity is reduced.","['Kalok Chan', 'Allaudeen Hameed']","['Analyst coverage', 'International financial markets', 'Price synchronicity', 'Information efficiency']",[],April,https://www.sciencedirect.com//science/article/pii/S0304405X05001741,Journal of Financial Economics,2006,80,1
The impact of regulation on market risk,"While it is crucial to understand the impact of regulatory changes on market risk, the literature does not show how risk responds to expected regulatory changes that are specifically designed to change risk. Our paper fills this gap by providing a detailed study of one such case. Using both a sample of privatized U.K. companies, and U.K. and U.S. control portfolios, between 1993 and 2000, we show (both for the single-factor market model and the three-factor Fama-French model) that the observed changes in market risk are significant and consistent with theory.","['Paul A. Grout', 'Anna Zalewska']","['Regulation', 'Time-varying risk', 'Kalman filter', 'Asset pricing']",[],April,https://www.sciencedirect.com//science/article/pii/S0304405X05001546,Journal of Financial Economics,2006,80,1
Why are European IPOs so rarely priced outside the indicative price range?,"Unlike in the U.S., the initial price range for European IPOs is seldom revised, although issues are often priced at the upper bound. We develop a model that explains this seemingly inefficient pricing behavior. As in Europe, but not in the U.S., underwriters in the model obtain information from investors before establishing the indicative price range. A commitment to stay within the range is necessary to extract private information from investors. Ours is therefore the first treatment in which the bookbuilding range has a clear economic role. The model has important implications for empirical research based on European primary market data.","['Tim Jenkinson', 'Alan D. Morrison', 'William J. Wilhelm']","['IPO underpricing', 'Bookbuilding', 'Information acquisition']",[],April,https://www.sciencedirect.com//science/article/pii/S0304405X05001832,Journal of Financial Economics,2006,80,1
"Flights of fancy: Corporate jets, CEO perquisites, and inferior shareholder returns","This paper studies perquisites of CEOs, focusing on personal use of company planes. For firms that have disclosed this managerial benefit, average shareholder returns underperform market benchmarks by more than 4% annually, a severe gap far exceeding the costs of resources consumed. Around the date of the initial disclosure, firms’ stock prices drop by an average of 1.1%. Regression analysis finds no significant associations between CEOs’ perquisites and their compensation or percentage ownership, but variables related to personal CEO characteristics, especially long-distance golf club memberships, have significant explanatory power for personal aircraft use.",['David Yermack'],"['Executive compensation', 'Perquisites', 'Corporate jets']",[],April,https://www.sciencedirect.com//science/article/pii/S0304405X05001820,Journal of Financial Economics,2006,80,1
Editorial Board,,[],[],[],March,https://www.sciencedirect.com//science/article/pii/S0304405X06000341,Journal of Financial Economics,2006,79,3
Partial adjustment toward target capital structures,"The empirical literature provides conflicting assessments about how firms choose their capital structures. Distinguishing among the three main hypotheses (“tradeoff”, pecking order, and market timing) requires that we know whether firms have long-run leverage targets and (if so) how quickly they adjust toward them. Yet many previous researchers have applied empirical specifications that fail to recognize the potential for incomplete adjustment. A more general, partial-adjustment model of firm leverage indicates that firms do have target capital structures. The typical firm closes about one-third of the gap between its actual and its target debt ratios each year.","['Mark J. Flannery', 'Kasturi P. Rangan']","['Leverage', 'Tradeoff theory', 'Target', 'Speed of adjustment']",[],March,https://www.sciencedirect.com//science/article/pii/S0304405X05001571,Journal of Financial Economics,2006,79,3
Term structure estimation without using latent factors,"A combination of observed and unobserved (latent) factors capture term structure dynamics. Information about these dynamics is extracted from observed factors using restrictions implied by no-arbitrage, without specifying or estimating any of the parameters associated with latent factors. Estimation is equivalent to fitting the moment conditions of a set of regressions, where no-arbitrage imposes cross-equation restrictions on the coefficients. The methodology is applied to the dynamics of inflation and yields. Outside of the disinflationary period of 1979 through 1983, short-term rates move one-for-one with expected inflation, while bond risk premia are insensitive to inflation.",['Gregory R. Duffee'],"['Term structure', 'Dynamic models', 'Bond pricing']",[],March,https://www.sciencedirect.com//science/article/pii/S0304405X05001716,Journal of Financial Economics,2006,79,3
"Stock returns, aggregate earnings surprises, and behavioral finance","We study the stock market's reaction to aggregate earnings news. Prior research shows that, for individual firms, stock prices react positively to earnings news but require several quarters to fully reflect the information in earnings. We find a substantially different pattern in aggregate data. First, returns are unrelated to past earnings, suggesting that prices neither underreact nor overreact to aggregate earnings news. Second, aggregate returns correlate negatively with concurrent earnings; over the last 30 years, for example, stock prices increased 5.7% in quarters with negative earnings growth and only 2.1% otherwise. This finding suggests that earnings and discount rates move together over time and provides new evidence that discount-rate shocks explain a significant fraction of aggregate stock returns.","['S.P. Kothari', 'Jonathan Lewellen', 'Jerold B. Warner']","['Stock prices', 'Earnings', 'Business cycles', 'Discount rates', 'Expected returns']",[],March,https://www.sciencedirect.com//science/article/pii/S0304405X05001182,Journal of Financial Economics,2006,79,3
"A general approach to integrated risk management with skewed, fat-tailed risks","Integrated risk management for financial institutions requires an approach for aggregating risk types (market, credit, and operational) whose distributional shapes vary considerably. We construct the joint risk distribution for a typical large, internationally active bank using the method of copulas. This technique allows us to incorporate realistic marginal distributions that capture essential empirical features of these risks such as skewness and fat-tails while allowing for a rich dependence structure. We explore the impact of business mix and inter-risk correlations on total risk. We then compare the copula-based method with several conventional approaches to computing risk.","['Joshua V. Rosenberg', 'Til Schuermann']","['Market risk', 'Credit risk', 'Operational risk', 'Risk diversification', 'Copula']",[],March,https://www.sciencedirect.com//science/article/pii/S0304405X05001509,Journal of Financial Economics,2006,79,3
"Trades outside the quotes: Reporting delay, trading option, or trade size?","In the period 1993 through 2002 examined in this study, quoted and effective spreads declined substantially on Nasdaq and to a lesser degree on the NYSE. At the same time, however, trades outside the quotes increased dramatically on Nasdaq. Because investors would prefer to trade at the quotes rather than outside the quotes, we examine why trades outside the quotes are observed. We focus on how the continuous market mechanism itself influences the outcome of orders and the reporting of trades, and we conclude that slippage exists in the market mechanism. Outside-trades occur on Nasdaq, first, because of delays in reporting trades, second, because the ability of dealers to delay execution of trades creates a look-back option, which when exercised results in outside-trades, and third, because large trades can take place at prices outside the quotes. Outside-trades are rarely observed on the NYSE because the market is more centralized. While the pattern of trading on the NYSE is not inconsistent with the presence of a look-back option, our tests provide no direct evidence that specialists are exercising such an option.","['Hans R. Stoll', 'Christoph Schenzler']","['Market structure', 'Trading costs', 'Look-back trading option']",[],March,https://www.sciencedirect.com//science/article/pii/S0304405X0500156X,Journal of Financial Economics,2006,79,3
Separating microstructure noise from volatility,"There are two variance components embedded in the returns constructed using high frequency asset prices: the time-varying variance of the unobservable efficient returns that would prevail in a frictionless economy and the variance of the equally unobservable microstructure noise. Using sample moments of high frequency return data recorded at different frequencies, we provide a simple and robust technique to identify both variance components.","['Federico M. Bandi', 'Jeffrey R. Russell']","['Volatility', 'Volatility timing', 'Microstructure noise', 'High frequency data']",[],March,https://www.sciencedirect.com//science/article/pii/S0304405X05001534,Journal of Financial Economics,2006,79,3
Volatility in an era of reduced uncertainty: Lessons from Pax Britannica,"Although it has been well established that financial volatility is related to news and macroeconomic shocks, less emphasis has been placed on the importance of underlying economic and political stability. In this paper we study the behavior of consol returns since 1729 and identify a greater-than-50% decline in volatility from the end of the Napoleonic Wars in 1815 until the First World War. News events and macroeconomic variables cannot account for this extended period of reduced volatility. Underlying political stability under Pax Britannica seems to be a more likely explanation.","['William O. Brown', 'Richard C.K. Burdekin', 'Marc D. Weidenmier']","['Asset prices', 'Financial market volatility', 'Consols', 'Pax Britannica']",[],March,https://www.sciencedirect.com//science/article/pii/S0304405X05001789,Journal of Financial Economics,2006,79,3
Author index to volume 79,,[],[],[],March,https://www.sciencedirect.com//science/article/pii/S0304405X06000390,Journal of Financial Economics,2006,79,3
Editorial Board,,[],[],[],February,https://www.sciencedirect.com//science/article/pii/S0304405X06000079,Journal of Financial Economics,2006,79,2
The new new financial thing: The origins of financial innovations,"The origins of financial innovations have attracted little empirical scrutiny. Using Wall Street Journal articles as an indicator, this paper examines which institutions were the key financial innovators between 1990 and 2002. The evidence suggests that smaller firms account for a disproportionate share of the innovations. Less profitable firms innovate more, though in the years subsequent to the introduction of the innovation, the profitability of the innovators increases significantly. Finally, older, less leveraged firms located in regions with more financial innovations innovate more. While several of the determinants of patenting are similar, small and unprofitable firms do not patent disproportionately.",['Josh Lerner'],"['Invention', 'New product development', 'Patents']",[],February,https://www.sciencedirect.com//science/article/pii/S0304405X05001340,Journal of Financial Economics,2006,79,2
R2 around the world: New theory and new tests,"Morck, Yeung and Yu show that R2 is higher in countries with less developed financial systems and poorer corporate governance. We show how control rights and information affect the division of risk bearing between managers and investors. Lack of transparency increases R2 by shifting firm-specific risk to managers. Opaque stocks with high R2s are also more likely to crash, that is, to deliver large negative returns. Using stock returns from 40 stock markets from 1990 to 2001, we find strong positive relations between R2 and several measures of opaqueness. These measures also explain the frequency of crashes.","['Li Jin', 'Stewart C. Myers']","['Corporate control', 'International financial markets', 'Firm-specific risks', 'Information and market efficiency', 'Crashes']",[],February,https://www.sciencedirect.com//science/article/pii/S0304405X05001194,Journal of Financial Economics,2006,79,2
The irrelevance of the MM dividend irrelevance theorem,"Contrary to Miller and Modigliani [1961. Dividend policy, growth, and the valuation of shares. Journal of Business 34, 411–433], payout policy is not irrelevant and investment policy is not the sole determinant of value, even in frictionless markets. MM ask “Do companies with generous distribution policies consistently sell at a premium above those with niggardly payouts?” But MM's analysis does not address this question because the joint effect of their assumptions is to mandate 100% free cash flow payout in every period, thereby rendering “niggardly payouts” infeasible and forcing distributions to a global optimum. Irrelevance obtains, but in an economically vacuous sense because the firm's opportunity set is artificially constrained to payout policies that fully distribute free cash flow. When MM's assumptions are relaxed to allow retention, payout policy matters in exactly the same sense that investment policy does. Moreover (i) the standard Fisherian model is empirically refutable, predicting that firms will make large payouts in present value terms, (ii) only when payout policy is optimized will the present value of distributions equal the PV of project cash flows, (iii) the NPV rule for investments is not sufficient to ensure value maximization, rather an analogous rule for payout policy is also necessary, and (iv) Black's [1976. The dividend puzzle. Journal of Portfolio Management 2, 5–8] “dividend puzzle” is a non-puzzle because it is rooted in the mistaken idea that MM's irrelevance theorem applies to payout/retention decisions, which it does not.","['Harry DeAngelo', 'Linda DeAngelo']","['Dividends', 'Payout policy', 'Dividend puzzle']",[],February,https://www.sciencedirect.com//science/article/pii/S0304405X05001522,Journal of Financial Economics,2006,79,2
Leverage and investment in diversified firms,"Within diversified firms, the negative impact of leverage on investment is significantly greater for high q than for low q segments and significantly greater for non-core than for core segments. This differs substantially from focused firms and is consistent with the view that diversified firms allocate a disproportionate share of their debt service burden to their higher q and non-core segments. We also find that, among low-growth firms, the positive relation between leverage and firm value is significantly weaker in diversified firms than in focused firms. We conclude that the disciplinary benefits of debt are partially offset by the additional managerial discretion in allocating debt service that is provided by the diversified organizational structure.","['Seoungpil Ahn', 'David J. Denis', 'Diane K. Denis']","['Leverage', 'Investment', 'Diversification']",[],February,https://www.sciencedirect.com//science/article/pii/S0304405X05001510,Journal of Financial Economics,2006,79,2
Who trades IPOs? A close look at the first days of trading,"I examine the enormous trading volume in the first two days of trading following an initial public offering (IPO) with a sample of Nasdaq IPOs. The composition of trading varies widely with the initial return and not all trading is investor-related. Cold IPOs have a high proportion of interdealer sell trades, whereas hot IPOs have balanced investor buying and selling. Market makers hold zero inventory throughout trading, offsetting any investor inventory imbalance with a trade with the lead underwriter. The paper also helps resolve the disconnect reported in the literature between high initial trading volume and low “flipping” activity.",['Katrina Ellis'],"['Initial public offerings', 'Nasdaq', 'Trading volume']",[],February,https://www.sciencedirect.com//science/article/pii/S0304405X05001200,Journal of Financial Economics,2006,79,2
A consumption-based model of the term structure of interest rates,"This paper proposes a consumption-based model that accounts for many features of the nominal term structure of interest rates. The driving force behind the model is a time-varying price of risk generated by external habit. Nominal bonds depend on past consumption growth through habit and on expected inflation. When calibrated to data on consumption, inflation, and the aggregate market, the model produces realistic means and volatilities of bond yields and accounts for the expectations puzzle. The model also captures the high equity premium and excess stock market volatility.",['Jessica A. Wachter'],"['Habit formation', 'Expectations puzzle', 'Term structure', 'Affine models', 'Risk premium']",[],February,https://www.sciencedirect.com//science/article/pii/S0304405X05001388,Journal of Financial Economics,2006,79,2
Competition among regulators and credit market integration,"We analyze the incentives for independent bank regulators with financially integrated jurisdictions to form a regulatory union. Externalities lead competing regulators to choose suboptimally low standards. Centralized regulation, however, entails a loss of flexibility if equal standards must be applied across jurisdictions. We find that, first, centralized regulation will more likely emerge among relatively homogeneous jurisdictions/countries. Second, centralized regulation will be unanimously preferred to independence only if it entails standards higher than those of the country with the highest individual standards. Third, financial integration among more than two jurisdictions may prevent partial unions, which, in turn, may prevent more comprehensive agreements.","['Giovanni Dell’Ariccia', 'Robert Marquez']","['Bank regulation', 'Market integration', 'Regulatory competition']",[],February,https://www.sciencedirect.com//science/article/pii/S0304405X05001376,Journal of Financial Economics,2006,79,2
Managerial incentives and risk-taking,"We provide empirical evidence of a strong causal relation between managerial compensation and investment policy, debt policy, and firm risk. Controlling for CEO pay-performance sensitivity (delta) and the feedback effects of firm policy and risk on the managerial compensation scheme, we find that higher sensitivity of CEO wealth to stock volatility (vega) implements riskier policy choices, including relatively more investment in R&D, less investment in PPE, more focus, and higher leverage. We also find that riskier policy choices generally lead to compensation structures with higher vega and lower delta. Stock-return volatility has a positive effect on both vega and delta.","['Jeffrey L. Coles', 'Naveen D. Daniel', 'Lalitha Naveen']","['Executive compensation', 'Managerial incentives', 'Risk taking', 'Investment policy', 'Financing policy']",[],February,https://www.sciencedirect.com//science/article/pii/S0304405X05000802,Journal of Financial Economics,2006,79,2
Editorial Board,,[],[],[],January,https://www.sciencedirect.com//science/article/pii/S0304405X05002254,Journal of Financial Economics,2006,79,1
Are perks purely managerial excess?,"A widespread view is that executive perks exemplify agency problems—they are a route through which managers misappropriate a firm's surplus. Accordingly, firms with high free cash flow, operating in industries with limited investment prospects, should offer more perks, and firms subject to more external monitoring should offer fewer perks. The evidence for agency as an explanation of perks is, at best, mixed. Perks are, however, offered in situations in which they enhance managerial productivity. While we cannot rule out the occasional aberration, and while we have little to say on the overall level of perks, our findings suggest that treating perks purely as managerial excess is incorrect.","['Raghuram G. Rajan', 'Julie Wulf']","['Perquisites', 'Executive compensation', 'Private benefits']",[],January,https://www.sciencedirect.com//science/article/pii/S0304405X05001339,Journal of Financial Economics,2006,79,1
The impact of performance-based compensation on misreporting,"This paper examines the effect of CEO compensation contracts on misreporting. We find that the sensitivity of the CEO's option portfolio to stock price is significantly positively related to the propensity to misreport. We do not find that the sensitivity of other components of CEO compensation, i.e., equity, restricted stock, long-term incentive payouts, and salary plus bonus have any significant impact on the propensity to misreport. Relative to other components of compensation, stock options are associated with stronger incentives to misreport because convexity in CEO wealth introduced by stock options limits the downside risk on detection of the misreporting.","['Natasha Burns', 'Simi Kedia']","['Restatements', 'Misreporting', 'Compensation', 'Options']",[],January,https://www.sciencedirect.com//science/article/pii/S0304405X05001133,Journal of Financial Economics,2006,79,1
Should corporate debt include a rating trigger?,"Recent corporate debt offerings have included a covenant specifying a pre-determined payment to debtholders when the debt is downgraded. We examine the incentive for equityholders to increase firm risk (and the associated costs) when debt includes a “rating trigger.” Equityholders of firms with a low-risk profile and operating flexibility choose debt with a trigger, while equityholders of firms with a high-risk profile and less flexibility choose regular debt. A trigger that requires an equity infusion better mitigates conflicts between equityholders and debtholders than a trigger paid by liquidating assets. A trigger that increases the coupon rate is not optimal.","['Karan Bhanot', 'Antonio S. Mello']","['Covenant', 'Rating trigger', 'Corporate debt', 'Agency costs', 'Asset substitution']",[],January,https://www.sciencedirect.com//science/article/pii/S0304405X05001212,Journal of Financial Economics,2006,79,1
Should business groups be dismantled? The equilibrium costs of efficient internal capital markets,"We analyze the relationship between conglomerates’ internal capital markets and the efficiency of economy-wide capital allocation, and we identify a novel cost of conglomeration that arises from an equilibrium framework. Because of financial market imperfections engendered by imperfect investor protection, conglomerates that engage in winner-picking (Stein, 1997 [Internal capital markets and the competition for corporate resources. Journal of Finance 52, 111–133]) find it optimal to allocate scarce capital internally to mediocre projects, even when other firms in the economy have higher-productivity projects that are in need of additional capital. This bias for internal capital allocation can decrease allocative efficiency even when conglomerates have efficient internal capital markets, because a substantial presence of conglomerates might make it harder for other firms in the economy to raise capital. We also argue that the negative externality associated with conglomeration is particularly costly for countries that are at intermediary levels of financial development. In such countries, a high degree of conglomeration, generated, for example, by the control of the corporate sector by family business groups, could decrease the efficiency of the capital market. Our theory generates novel empirical predictions that cannot be derived in models that ignore the equilibrium effects of conglomerates. These predictions are consistent with anecdotal evidence that the presence of business groups in developing countries inhibits the growth of new independent firms because of a lack of finance.","['Heitor Almeida', 'Daniel Wolfenzon']","['Capital allocation', 'Conglomerates', 'Investor protection', 'Internal capital markets']",[],January,https://www.sciencedirect.com//science/article/pii/S0304405X05001352,Journal of Financial Economics,2006,79,1
Corporate tax avoidance and high-powered incentives,"This paper analyzes the links between corporate tax avoidance and the growth of high-powered incentives for managers. A simple model demonstrates the role of feedback effects between tax sheltering and managerial diversion in determining how high-powered incentives influence tax sheltering decisions. A novel measure of corporate tax avoidance (the component of the book-tax gap not attributable to accounting accruals) allows for an investigation of the link between tax avoidance and incentive compensation. Increases in incentive compensation tend to reduce the level of tax sheltering, in a manner consistent with a complementary relationship between diversion and sheltering. In addition, this negative effect is driven primarily by firms with relatively weak governance arrangements, confirming a central prediction of the model. These results can help explain the growing cross-sectional variation among firms in their levels of tax avoidance, the undersheltering puzzle, and why large book-tax gaps are associated with subsequent negative abnormal returns.","['Mihir A. Desai', 'Dhammika Dharmapala']","['Incentive compensation', 'Corporate governance', 'Tax avoidance', 'Stock options', 'Tax evasion']",[],January,https://www.sciencedirect.com//science/article/pii/S0304405X05001364,Journal of Financial Economics,2006,79,1
Crushed by a rational stampede: Strategic share dumping and shareholder insurrections,"In this paper, we develop a dynamic model of institutional share dumping surrounding control events. Institutional investors sometimes dump shares, despite trading losses, in order to manipulate share prices and trigger activism by “relationship” investors. These institutional investors are motivated to trade not only by trading profits but also by a desire to protect the value of their inventory and to disguise the quality of their own information. Relationship investor profit from targeting firms both by improving firm performance and by generating private information.","['Mukarram Attari', 'Suman Banerjee', 'Thomas H. Noe']","['Strategic trading', 'Ownership structure', 'Corporate governance']",[],January,https://www.sciencedirect.com//science/article/pii/S0304405X05001078,Journal of Financial Economics,2006,79,1
