,terms,trend_score,bias_avg_std_year,avg_silhoutte_per_cluster,total_items
0,"relat, perform, data, empir, factor, statist, jump, paper, capit, capm, portfolio, risk, return, market, use, estim, asset, price, test, model",0.27538512109383956,1.2099149401795353,0.33319257231458693,189
1,"relat, institut, tax, stock, countri, effect, liquid, increas, privat, cost, ownership, order, find, financi, corpor, trade, price, market, inform, firm",0.149500037988196,0.8747482611019335,0.13077489826484745,180
2,"trade, volatil, yield, asset, term, returns, find, structur, rate, risk, expect, use, predict, dividend, market, stock, price, inform, model, return",0.4286202793632962,0.9388943484725494,0.4024291579349241,210
3,"stock, invest, public, issu, find, equiti, financi, effect, increas, price, banks, lend, borrow, debt, credit, offer, market, firm, loan, bank",0.470463516123029,0.8631444400683814,0.4060779681966138,289
4,"abnorm, cash, high, relat, negat, result, earn, effect, posit, market, evid, increas, signific, price, find, firm, repurchas, stock, announc, return",0.5622421541778354,0.965180028323008,0.5426648982937522,143
5,"chang, activ, market, trade, effect, posit, find, earn, relat, funds, hedg, stock, invest, investor, return, perform, mutual, firm, manag, fund",0.5880138397759301,0.8797471670651832,0.5173035097379951,271
6,"firms, credit, liquid, manag, effect, inform, model, increas, find, industri, equiti, invest, financi, cost, leverag, capit, cash, financ, debt, firm",0.6264322992372867,0.7545007873600356,0.4726436630022902,244
7,"effect, impact, trader, examin, use, abnorm, provid, insid, firm, larg, evid, return, find, earn, inform, liquid, market, price, stock, trade",0.4906790392851528,1.0236335089535904,0.5022755067534376,175
8,"condit, price, returns, differ, correl, factor, volatility, timevari, estim, market, term, consumpt, asset, expect, premium, volatil, stock, model, risk, return",0.24146927189549025,0.9984713346837385,0.24110014619460068,53
9,"varianc, paper, find, predict, beta, explain, crosssect, portfolio, price, model, asset, relat, returns, market, volatil, expect, stock, premium, return, risk",0.44049006125750084,0.9745213130676331,0.42926695288990185,240
10,"chang, evid, offer, incent, relat, vote, risk, effect, stock, institut, financi, manageri, find, sharehold, control, corpor, ownership, board, manag, firm",0.12867072131468515,0.9315913237918239,0.11986852760279638,133
11,"option, perform, relat, effect, manag, increas, ceos, outsid, incent, pay, corpor, find, chief, offic, director, compens, board, execut, firm, ceo",0.6470236177987886,0.7019542749263663,0.45418099449218297,191
12,"bidder, increas, investor, relat, bank, effect, result, cost, find, use, financi, offer, inform, stock, ipo, rate, firm, price, trade, market",0.10152535626716552,0.928582749594818,0.09427469447615805,198
13,"sharehold, announc, increas, return, firms, invest, market, bank, find, gain, stock, effect, acquir, tax, merger, valu, cash, target, capit, firm",0.5642923024325673,0.9159054193254385,0.5168383778816177,134
14,"futur, market, investor, portfolio, forward, paper, call, valuat, term, process, valu, exercis, interest, formula, bond, deriv, rate, model, price, option",0.3939682299498355,1.2080653477199612,0.47593936670496567,208
