,terms,trend_score,bias_avg_std_year,avg_silhoutte_per_cluster,total_items
0,"effect, estim, find, returns, asset, structur, use, term, rate, volatil, dividend, predict, expect, risk, market, price, inform, stock, model, return",0.5391625164398638,0.9448670620776529,0.5094369028909284,248
1,"countri, stock, cost, relat, order, ownership, effect, use, tax, corpor, increas, price, investor, find, financi, institut, inform, market, trade, firm",0.11221446852381851,0.6169169006314422,0.06922700212771865,337
2,"paper, liquid, predict, find, portfolio, explain, crosssect, price, beta, asset, relat, model, returns, expect, market, volatil, stock, premium, return, risk",0.49705144607963037,0.9114449552580421,0.45303503303299386,245
3,"pay, increas, manageri, effect, stock, relat, incent, ownership, sharehold, chief, corpor, offic, find, manag, director, compens, execut, board, firm, ceo",0.622413380364183,0.7964146593226843,0.4956991402806211,262
4,"impact, effect, cost, use, abnorm, examin, provid, insid, larg, firm, evid, return, earn, find, inform, liquid, market, price, stock, trade",0.49173412452101767,1.019312407360791,0.5012306942469695,182
5,"use, market, activ, trade, effect, posit, find, earn, relat, funds, hedg, stock, investor, invest, return, perform, mutual, firm, manag, fund",0.6128012728846772,0.8714141360172998,0.5340036917611025,268
6,"use, expect, estim, structur, investor, risk, stock, stochast, deriv, market, process, interest, bond, term, volatil, exercis, price, rate, model, option",-0.07544965042656658,0.5970372452617587,-0.04504625144663999,99
7,"abnorm, result, negat, high, relat, cash, earn, effect, posit, market, evid, increas, signific, price, find, firm, repurchas, stock, announc, return",0.5818963655339541,0.9605538065488524,0.558942768930582,141
8,"sharehold, increas, announc, return, firms, invest, market, bank, find, gain, stock, effect, acquir, tax, merger, valu, cash, target, capit, firm",0.5801934722909322,0.9071892609370171,0.5263452873280925,132
9,"higher, credit, liquid, inform, effect, model, manag, increas, find, industri, equiti, invest, financi, cost, leverag, capit, cash, financ, debt, firm",0.6193294145795702,0.7622348003875271,0.47207443269618277,250
10,"dure, offer, use, invest, risk, equiti, effect, find, liquid, increas, banks, financi, debt, lend, market, borrow, credit, firm, loan, bank",0.6090574930363513,0.5463023694727478,0.3327295515908903,252
11,"process, spot, distribut, blackschol, asset, interest, futur, valu, forward, paper, portfolio, bond, valuat, call, deriv, model, rate, formula, price, option",0.20947719196389308,0.48277129234465477,0.101129574681138,117
12,"relat, firm, invest, models, capit, econom, data, market, empir, new, asset, return, use, factor, jump, risk, test, estim, price, model",-0.09369064386098058,0.5731834042591116,-0.053701922195464886,113
13,"tax, equiti, return, initi, convert, signific, ipo, spread, paper, announc, cost, debt, public, effect, issu, market, stock, firm, price, offer",-0.18301097519803877,0.5783477381096956,-0.10584398355503534,123
14,"distribut, meanvari, condit, risk, result, perform, effici, capit, statist, paper, capm, use, portfolio, return, estim, market, price, asset, model, test",0.12507255185133084,0.5373445114979544,0.06720704927635594,89
